Question,Answer
"1. What is the range of correlation coefficients and what do values of 0, 1, and -1 indicate in terms of the relationship between two variables?","The range of correlation coefficients is from -1 to 1. A correlation coefficient of 0 indicates no linear relationship between the two variables. A correlation coefficient of 1 indicates a perfect positive linear relationship, meaning as one variable increases, the other variable also increases in a linear fashion. A correlation coefficient of -1 indicates a perfect negative linear relationship, meaning as one variable increases, the other variable decreases in a linear fashion."
"2. How can correlation be used in the fields of business, finance, medicine, and psychology to make better decisions and improve outcomes?","Correlation can be used in various fields to make better decisions and improve outcomes in the following ways:

1. **Business**: In business, correlation can help identify relationships between different variables like sales, advertising spending, and customer satisfaction. This information can be used to make better decisions on how to allocate resources, such as marketing budgets, to maximize profitability and customer satisfaction.

2. **Finance**: Correlation in finance can be used to identify relationships between different financial assets like stocks, bonds, and commodities. This information is crucial for building diversified portfolios that reduce risk. By understanding how different assets are correlated, investors can make informed decisions to optimize their investment strategies.

3. **Medicine**: In the field of medicine, correlation can help identify relationships between various medical variables such as risk factors for diseases and the effectiveness of treatments. This information can be used to improve prevention, diagnosis, and treatment of diseases. For example, understanding the correlation between certain risk factors and diseases can lead to more targeted interventions and improved patient outcomes.

4. **Psychology**: Correlation in psychology can be used to identify relationships between different psychological variables like personality traits, cognitive abilities, and mental disorders. This information can be utilized to develop better psychological assessments and treatments. By understanding how these variables are correlated, psychologists can tailor interventions to individual needs and improve mental health outcomes.

In summary, correlation analysis in business, finance, medicine, and psychology can provide valuable insights into relationships between variables, enabling professionals to make informed decisions, predict outcomes, and develop effective interventions to improve overall results in their respective fields."
